Country,n_observations,mean_salary_usd,median_salary_usd
Afghanistan,8,12227.25,6121.0
Albania,12,47973.583333333336,26269.0
Algeria,15,15935.4,6472.0
Andorra,4,208763.75,200125.5
Angola,4,149857.25,9578.0
Antigua and Barbuda,1,1.0,1.0
Argentina,160,46271.1875,40000.0
Armenia,11,25016.363636363636,9076.0
Australia,568,115901.75,97514.0
Austria,280,79477.625,78310.0
Azerbaijan,9,31202.333333333332,29397.0
Bahrain,2,74240.5,74240.5
Bangladesh,120,15520.941666666668,7895.5
Barbados,2,45450.5,45450.5
Belarus,16,58267.3125,46614.5
Belgium,218,84666.2752293578,69609.0
Belize,1,102121.0,102121.0
Benin,3,6816.333333333333,1698.0
Bhutan,2,20361.0,20361.0
Bolivia,13,25214.30769230769,18784.0
Bosnia and Herzegovina,19,51890.47368421053,47000.0
Botswana,1,1277.0,1277.0
Brazil,638,51762.17868338558,27306.0
Bulgaria,158,54613.57594936709,49817.5
Burundi,1,1697.0,1697.0
Cambodia,5,4694.0,1500.0
Cameroon,8,4547.0,1265.5
Canada,915,100143.3825136612,87550.0
Chile,95,39241.25263157895,33930.0
China,117,47847.63247863248,34125.0
Colombia,131,31370.534351145037,20500.0
"Congo, Republic of the...",2,42811.5,42811.5
Costa Rica,18,71422.11111111111,59500.0
Croatia,82,55424.829268292684,46406.0
Cuba,8,71668.875,14041.5
Cyprus,24,91799.04166666667,92812.0
Czech Republic,361,67003.57340720222,60660.0
Côte d'Ivoire,5,75877.2,33966.0
Democratic Republic of the Congo,4,33000.0,30000.0
Denmark,230,106030.4652173913,98678.0
Djibouti,1,5833.0,5833.0
Dominican Republic,20,44179.6,27681.5
Ecuador,23,40952.260869565216,30000.0
Egypt,63,14671.936507936507,7190.0
El Salvador,9,41800.0,27000.0
Estonia,52,76545.32692307692,69609.0
Ethiopia,18,33087.166666666664,762.0
Finland,191,85162.36125654451,74249.0
France,1026,73794.10916179337,63518.0
Georgia,36,56644.25,53653.5
Germany,2141,86443.71835590845,81210.0
Ghana,22,9833.318181818182,2610.0
Greece,174,53055.137931034486,44260.0
Guatemala,29,37647.89655172414,29668.0
Guinea,1,2773.0,2773.0
Guyana,3,31566.333333333332,35871.0
Haiti,1,9149.0,9149.0
Honduras,6,22198.833333333332,11982.0
Hong Kong (S.A.R.),40,111564.3,76433.0
Hungary,169,55376.591715976334,46266.0
Iceland,7,88158.71428571429,117637.0
India,1093,44393.36413540714,17436.0
Indonesia,81,17902.716049382718,5638.0
"Iran, Islamic Republic of...",75,277297.2,18516.0
Iraq,3,15420.666666666666,18000.0
Ireland,154,121326.81818181818,116015.0
Isle of Man,9,82521.44444444444,83632.0
Israel,177,131723.7627118644,141188.0
Italy,580,55927.84310344828,47566.0
Jamaica,2,96796.5,96796.5
Japan,128,73440.6171875,58725.0
Jordan,23,34879.82608695652,30000.0
Kazakhstan,18,33210.61111111111,28381.5
Kenya,73,31946.50684931507,6502.0
Kosovo,4,50176.25,45245.5
Kuwait,5,44543.6,26838.0
Kyrgyzstan,6,41211.0,12605.0
Lao People's Democratic Republic,1,7.0,7.0
Latvia,40,84648.05,51845.5
Lebanon,9,77244.44444444444,47000.0
Lesotho,1,2822.0,2822.0
Libyan Arab Jamahiriya,1,5541.0,5541.0
Lithuania,69,71457.73913043478,66708.0
Luxembourg,17,101348.23529411765,98612.0
Madagascar,8,16751.125,5288.0
Malawi,2,11252.5,11252.5
Malaysia,46,24403.434782608696,18261.0
Maldives,4,25039.5,24600.5
Mali,2,11941.5,11941.5
Malta,16,69516.1875,70189.0
Mauritania,1,121570.0,121570.0
Mauritius,5,16405.8,15976.0
Mexico,191,37245.6387434555,28951.0
"Micronesia, Federated States of...",1,1.0,1.0
Moldova,6,37324.5,29177.5
Mongolia,3,31626.666666666668,29757.0
Montenegro,12,59133.916666666664,42873.0
Morocco,23,24531.695652173912,21987.0
Mozambique,5,36629.2,9381.0
Myanmar,5,8404.2,5716.0
Namibia,6,8024.333333333333,3923.0
Nepal,41,25012.536585365855,4060.0
Netherlands,619,115292.82229402261,81210.0
New Zealand,181,81957.4364640884,81318.0
Nicaragua,6,67822.5,47000.0
Nigeria,102,63181.8431372549,1291.0
Nomadic,12,135473.83333333334,135157.5
North Korea,2,233924.5,233924.5
Norway,184,99256.80978260869,88945.0
Oman,3,261217.0,390135.0
Pakistan,134,13086.873134328358,6321.0
Palestine,1,78.0,78.0
Panama,7,55300.0,26400.0
Papua New Guinea,1,7574.0,7574.0
Paraguay,16,42256.0,21178.0
Peru,40,31296.575,16998.0
Philippines,78,24105.615384615383,11940.0
Poland,588,97983.06802721089,60158.0
Portugal,215,74538.48372093023,61488.0
Qatar,1,46111.0,46111.0
Republic of Korea,18,82366.55555555556,44096.0
Republic of Moldova,5,51249.4,46924.0
Republic of North Macedonia,10,31328.3,29472.0
Romania,215,64200.02790697674,57437.0
Russian Federation,127,42168.700787401576,38278.0
Rwanda,10,16245.7,15591.5
Saint Lucia,2,30810.5,30810.5
Saudi Arabia,18,49335.38888888889,32789.0
Senegal,2,11786.5,11786.5
Serbia,109,57883.79816513762,48000.0
Singapore,64,131430.1875,92563.0
Slovakia,103,58923.16504854369,55687.0
Slovenia,62,73555.66129032258,56847.0
Somalia,3,6766.666666666667,5300.0
South Africa,184,78896.69565217392,43355.5
South Korea,23,44968.30434782609,33072.0
Spain,559,70797.72987477639,62648.0
Sri Lanka,59,21905.372881355932,10391.0
Sudan,2,4864.5,4864.5
Suriname,2,18686.5,18686.5
Swaziland,4,8145.25,4848.5
Sweden,471,73943.91507430997,70440.0
Switzerland,418,151290.44497607654,142592.0
Syrian Arab Republic,6,13265.166666666666,9845.5
Taiwan,70,41913.57142857143,33886.0
Thailand,57,47619.61403508772,32123.0
Togo,3,3688.3333333333335,711.0
Trinidad and Tobago,4,37923.25,29595.0
Tunisia,25,13840.52,6517.0
Turkey,188,38163.09042553192,29000.0
Turkmenistan,1,35000.0,35000.0
Uganda,12,14159.833333333334,4588.0
Ukraine,709,105101.25952045133,25021.0
United Arab Emirates,47,105481.8085106383,54460.0
United Kingdom of Great Britain and Northern Ireland,1485,112969.08821548821,94618.0
United Republic of Tanzania,5,12041.2,5014.0
United States of America,5239,179815.04142011833,150000.0
Uruguay,41,78567.41463414633,49338.0
Uzbekistan,9,12593.555555555555,9675.0
"Venezuela, Bolivarian Republic of...",35,17008.4,9000.0
Viet Nam,57,189894.19298245615,7642.0
Yemen,10,17582.5,5545.5
Zambia,8,6594.875,1966.5
Zimbabwe,8,25662.5,17500.0
